ID,Title,URL,Src,Type,Style,Color,Size
,Bamboo Chest Pocket Short Sleeves Casual Shirts,https://www.hawalili.com/products/men-casual-summer-plants-polyester-micro-elasticity-daily-loose-short-sleeve-regular-aloha-shirts-14962548?variant=3496993,https://www.hawalili.com/image_cache/resize/670x890/image/catalog/product/2022-11-17/O1CN01Bo2T0o1aQtiOoiveB_-4134413325-0-cib-1668682030389.jpg https://www.hawalili.com/image_cache/resize/670x890/image/catalog/product/2022-11-17/O1CN01QN8Xj51aQtiFyYmOI_-4134413325-0-cib-1668682030407.jpg https://www.hawalili.com/image_cache/resize/670x890/image/catalog/product/2022-11-17/O1CN01dw6Cxj1aQtiMnSXyZ_-4134413325-0-cib-1668682030935.jpg https://www.hawalili.com/image_cache/resize/670x890/image/catalog/product/2022-11-17/O1CN01OIGqHg1aQtiOoi7os_-4134413325-0-cib-1668682030666.jpg https://www.hawalili.com/image_cache/resize/670x890/image/catalog/product/2023-06/30/811eb83ad70bb9689debdb299698f9d2.jpg,,,"White,Apricot","M,L,XL,XXL,3XL,4XL"
,Marble Texture Chest Pocket Short Sleeve Casual Shirt,https://www.hawalili.com/products/casual-abstract-summer-polyester-lightweight-commuting-loose-buttons-shirt-collar-aloha-shirts-for-men-15255360?variant=3653686,https://www.hawalili.com/image_cache/resize/670x890/image/catalog/product/2023-03-29/O1CN01pXOyyO1aQtkHtIg69_-4134413325-0-cib-1680082049399.jpg https://www.hawalili.com/image_cache/resize/670x890/image/catalog/product/2023-03-29/O1CN01X1hgJ61aQtk6cIdYu_-4134413325-0-cib-1680082049714.jpg https://www.hawalili.com/image_cache/resize/670x890/image/catalog/product/2023-03-29/O1CN01aBNwEP1aQtkIitZGX_-4134413325-0-cib-1680082049577.jpg https://www.hawalili.com/image_cache/resize/670x890/image/catalog/product/2023-03-29/O1CN01dOt0041aQtkBAB4r4_-4134413325-0-cib-1680082049163.jpg,,,Blue,"M,L,XL,XXL,3XL,4XL"
,Rooster Painting Chest Pocket Short Sleeve Casual Shirt,https://www.hawalili.com/products/casual-animal-summer-polyester-lightweight-holiday-loose-short-sleeve-shirt-collar-aloha-shirts-for-men-15255394?variant=3654280,https://www.hawalili.com/image_cache/resize/670x890/image/catalog/product/2023-03-22/O1CN013Col5F1aQtk28cJGO_-4134413325-0-cib-1679472582432.jpg https://www.hawalili.com/image_cache/resize/670x890/image/catalog/product/2023-03-22/O1CN01kLFwx91aQtk9JHTy8_-4134413325-0-cib-1679472582586.jpg https://www.hawalili.com/image_cache/resize/670x890/image/catalog/product/2023-03-22/O1CN011KhAsL1aQtjzKEqWr_-4134413325-0-cib-1679472582618.jpg https://www.hawalili.com/image_cache/resize/670x890/image/catalog/product/2023-03-22/O1CN01jDrf8U1aQtk2BFmnK_-4134413325-0-cib-1679472582886.jpg,,,Green,"M,L,XL,XXL,3XL,4XL"
,Dolphin Chest Pocket Short Sleeve Hawaiian Shirt,https://www.hawalili.com/products/men-summer-vacation-sea-polyester-lightweight-micro-elasticity-loose-h-line-shirt-collar-aloha-shirts-15210845?variant=3612220,https://www.hawalili.com/image_cache/resize/670x890/image/catalog/product/2023-03-08/O1CN01j1GjNR1XlYl5pIjv3_-2200729362964-0-cib-1678269072722.jpg https://www.hawalili.com/image_cache/resize/670x890/image/catalog/product/2023-03-08/O1CN01SuGDZh1XlYl4kiF00_-2200729362964-0-cib-1678269072262.jpg https://www.hawalili.com/image_cache/resize/670x890/image/catalog/product/2023-03-08/O1CN01FJVPwU1XlYkuJZjcF_-2200729362964-0-cib-1678269072707.jpg,,,Blue,"M,L,XL,XXL,3XL,4XL"
,Lighthouse Chest Pocket Short Sleeve Hawaiian Shirt,https://www.hawalili.com/products/painting-summer-vacation-lightweight-micro-elasticity-loose-short-sleeve-h-line-shirt-collar-aloha-shirts-for-men-15228442?variant=3629656,https://www.hawalili.com/image_cache/resize/670x890/image/catalog/product/2023-03-29/O1CN01T5ax4M1aQtk1y0mNf_-4134413325-0-cib-1680081524841.jpg https://www.hawalili.com/image_cache/resize/670x890/image/catalog/product/2023-03-29/O1CN01gkWIlm1aQtk6dufXl_-4134413325-0-cib-1680081524972.jpg https://www.hawalili.com/image_cache/resize/670x890/image/catalog/product/2023-03-29/O1CN01thxwYN1aQtkCFAPlE_-4134413325-0-cib-1680081524209.jpg https://www.hawalili.com/image_cache/resize/670x890/image/catalog/product/2023-03-29/O1CN011tCa821aQtkHuvuyv_-4134413325-0-cib-1680081524495.jpg,,,Blue,"M,L,XL,XXL,3XL,4XL"
,Mens Hawaii Tiki Print Front Buttons Soft Breathable Chest Pocket Casual Hawaiian Shirt,https://www.hawalili.com/products/mens-hawaii-tiki-print-front-buttons-soft-breathable-chest-pocket-casual-hawaiian-shirts-13935020?variant=2980067,https://www.hawalili.com/image_cache/resize/670x890/image/catalog/product/2022-06-28/44d76df4ae04e39f1c6454d0e2a6f877.jpg https://www.hawalili.com/image_cache/resize/670x890/image/catalog/product/2022-06-29/3fb162269dfb17c60a2c2d0ca2c53010.png https://www.hawalili.com/image_cache/resize/670x890/image/catalog/product/2022-06-29/aba5ebb50a2b6cf425b695b03c37b964.jpg https://www.hawalili.com/image_cache/resize/670x890/image/catalog/prod/images/bc2ee6fecbf81290d1fbc7bb2110ccab.jpg https://www.hawalili.com/image_cache/resize/670x890/image/catalog/prod/images/a6d088f6cf2ed73f5f0e7555888f54e0.jpg https://www.hawalili.com/image_cache/resize/670x890/image/catalog/prod/images/044d134f108adeb50a545b9e1bc99fc3.jpg https://www.hawalili.com/image_cache/resize/670x890/image/catalog/prod/images/9dde05303ee6b5ccf74d7fdbeeb8fa3c.jpg,,,Black,"M,L,XL,XXL,3XL,4XL"
,Geometric Stripe Chest Pocket Short Sleeve Casual Shirt,https://www.hawalili.com/products/men-striped-casual-summer-polyester-micro-elasticity-loose-short-sleeve-h-line-shirt-collar-aloha-shirts-15255392?variant=3653794,https://www.hawalili.com/image_cache/resize/670x890/image/catalog/product/2023-03-22/O1CN01zFclwu1aQtk8BSeZg_-4134413325-0-cib-1679472619229.jpg https://www.hawalili.com/image_cache/resize/670x890/image/catalog/product/2023-03-22/O1CN01tcf3Cz1aQtk03e00r_-4134413325-0-cib-1679472619867.jpg https://www.hawalili.com/image_cache/resize/670x890/image/catalog/product/2023-03-22/O1CN01GDCLXJ1aQtjzKCQja_-4134413325-0-cib-1679472619410.jpg https://www.hawalili.com/image_cache/resize/670x890/image/catalog/product/2023-03-22/O1CN01pGFBro1aQtk28a1lt_-4134413325-0-cib-1679472619412.jpg,,,Black-white,"M,L,XL,XXL,3XL,4XL"
,Gradient Sea Turtle Short Sleeve Guayabera Shirt,https://www.hawalili.com/products/summer-vacation-turtle-polyester-micro-elasticity-moisture-permeability-commuting-buttons-regular-guayabera-shirts-for-men-15255484?variant=3654383,https://www.hawalili.com/image_cache/resize/670x890/image/catalog/product/2023-03/29/d7791282d75af297560f8d38cc14241c.png https://www.hawalili.com/image_cache/resize/670x890/image/catalog/prod/images/2023-05-11/cd884a98999c964bca851ab7a9f24cf9.jpg https://www.hawalili.com/image_cache/resize/670x890/image/catalog/prod/images/2023-05-11/794596c3be0afb6e12c0d1792ec4b2a1.jpg https://www.hawalili.com/image_cache/resize/670x890/image/catalog/prod/images/2023-05-11/113d764bc1f64919ca354a9d458061b4.jpg https://www.hawalili.com/image_cache/resize/670x890/image/catalog/prod/images/2023-05-11/eaf70620fbcbf15b51e82c7b2e8c2e76.jpg,,,Green,"M,L,XL,XXL,3XL,4XL"
,Abstract Geometric Chest Pocket Short Sleeve Casual Shirt,https://www.hawalili.com/products/men-casual-abstract-summer-lightweight-micro-elasticity-loose-short-sleeve-regular-h-line-aloha-shirts-15255460?variant=3654304,https://www.hawalili.com/image_cache/resize/670x890/image/catalog/product/2023-03-22/O1CN01ine2N61aQtjxZpt1g_-4134413325-0-cib-1679451170409.jpg https://www.hawalili.com/image_cache/resize/670x890/image/catalog/product/2023-03-22/O1CN01LNGDek1aQtjxZp58F_-4134413325-0-cib-1679451170751.jpg https://www.hawalili.com/image_cache/resize/670x890/image/catalog/product/2023-03-22/O1CN01JjSJRI1aQtk68osdu_-4134413325-0-cib-1679451170642.jpg https://www.hawalili.com/image_cache/resize/670x890/image/catalog/product/2023-03-22/O1CN01r4sB7n1aQtk7EThqT_-4134413325-0-cib-1679451170427.jpg,,,Purple,"M,L,XL,XXL,3XL,4XL"
,Gradient Color Chest Pocket Short Sleeve Casual Shirt,https://www.hawalili.com/products/men-casual-summer-gradient-pattern-polyester-lightweight-daily-short-sleeve-regular-h-line-aloha-shirts-15164101?variant=3590030,https://www.hawalili.com/image_cache/resize/670x890/image/catalog/product/2023-03-02/O1CN01VHNtbl1aQtjYqe3ju_-4134413325-0-cib-1677759414421.jpg https://www.hawalili.com/image_cache/resize/670x890/image/catalog/product/2023-03-02/O1CN0199Ddx41aQtjfZ9vtJ_-4134413325-0-cib-1677759414114.jpg https://www.hawalili.com/image_cache/resize/670x890/image/catalog/product/2023-03-02/O1CN01eU8ic71aQtjbOiU17_-4134413325-0-cib-1677759414505.jpg,,,Purple,"S,M,L,XL,XXL,3XL,4XL"
,Artistic Gradient Chest Pockets Short Sleeves Casual Shirts,https://www.hawalili.com/products/geometric-casual-summer-polyester-micro-elasticity-commuting-loose-regular-shirt-collar-aloha-shirts-for-men-15228544?variant=3629476,https://www.hawalili.com/image_cache/resize/670x890/image/catalog/product/2023-03-15/O1CN01H4SkfC1aQtjsrzmPt_-4134413325-0-cib-1678863683524.jpg https://www.hawalili.com/image_cache/resize/670x890/image/catalog/product/2023-03-15/O1CN01U47plT1aQtjxO6C29_-4134413325-0-cib-1678863683490.jpg https://www.hawalili.com/image_cache/resize/670x890/image/catalog/product/2023-03-15/O1CN01RgweCs1aQtjyPzKBm_-4134413325-0-cib-1678863683665.jpg https://www.hawalili.com/image_cache/resize/670x890/image/catalog/product/2023-03-15/O1CN01NLI0hf1aQtjz38mAC_-4134413325-0-cib-1678863683767.jpg,,,Black,"M,L,XL,XXL,3XL,4XL"
,Crack Guitar Chest Pocket Short Sleeve Casual Shirt,https://www.hawalili.com/products/casual-summer-guitar-lightweight-micro-elasticity-daily-short-sleeve-regular-shirt-collar-shirts-for-men-14485896?variant=3269887,https://www.hawalili.com/image_cache/resize/670x890/image/catalog/product/2022-11-01/2e11cda7d58e5b46289b646a0dc3cbbb.jpg https://www.hawalili.com/image_cache/resize/670x890/image/catalog/product/2023-02/18/f11efb9517061beff3284aabcceb1504.jpg https://www.hawalili.com/image_cache/resize/670x890/image/catalog/product/2022-11-01/d6123600a13787ad20b8cb89d887aac9.png https://www.hawalili.com/image_cache/resize/670x890/image/catalog/product/2022-11-01/210941e9064bf1a917875511e3edee3b.jpg https://www.hawalili.com/image_cache/resize/670x890/image/catalog/prod/images/eecc7e16d3913540ea0e9e2f3ca6a3f3.jpg https://www.hawalili.com/image_cache/resize/670x890/image/catalog/prod/images/1901ff36e69ac92cef1a5b9ba9f172b5.jpg https://www.hawalili.com/image_cache/resize/670x890/image/catalog/prod/images/71acd40f55c84083009aed066297153f.jpg https://www.hawalili.com/image_cache/resize/670x890/image/catalog/prod/images/850178c809da8a44d950c630f3af2874.jpg,,,Off White,"M,L,XL,XXL,3XL,4XL"
,Mens Solid Casual Button Down Linen Lapel Short Sleeve Shirt With Pocket ,https://www.hawalili.com/products/men-s-lapel-solid-color-short-sleeve-men-s-linen-shirt-13648381?variant=2860146,https://www.hawalili.com/image_cache/resize/670x890/image/catalog/product/2023-02/08/36b951c5bbd144006acf0832d9d7b8a7.png https://www.hawalili.com/image_cache/resize/670x890/image/catalog/product/2022-06-16/f22341ab981572c59e8b576953201768.jpg https://www.hawalili.com/image_cache/resize/670x890/image/catalog/product/2022-06-16/6cb79ce63db3c6d6311e88edc83a6398.jpg https://www.hawalili.com/image_cache/resize/670x890/image/catalog/product/2022-06-16/d849d2c0b4b5696c5a820a48a4482ba0.jpg https://www.hawalili.com/image_cache/resize/670x890/image/catalog/product/2022-06-16/e97180c4b48508f5be36c0b837dc883d.jpg https://www.hawalili.com/image_cache/resize/670x890/image/catalog/product/2022-06-16/db0663582e80102d920e32f19781a878.jpg https://www.hawalili.com/image_cache/resize/670x890/image/catalog/product/2022-06-16/cefd429939ca76e812e34fadc941a9d3.jpg https://www.hawalili.com/image_cache/resize/670x890/image/catalog/prod/images/a0aa299d716a167995efa2ebae8666fb.jpg https://www.hawalili.com/image_cache/resize/670x890/image/catalog/prod/images/4f30a05c4bda9deba8dd20c5bc2263f7.jpg https://www.hawalili.com/image_cache/resize/670x890/image/catalog/prod/images/61b378a5d473db5fef3acddd208025b8.jpg https://www.hawalili.com/image_cache/resize/670x890/image/catalog/prod/images/a0d3ded1768a381c6d9f4c307517fcc5.jpg https://www.hawalili.com/image_cache/resize/670x890/image/catalog/prod/images/2023-03-24/0ff94fc0a438c4d2164facb3dc0831dc.jpg https://www.hawalili.com/image_cache/resize/670x890/image/catalog/prod/images/2023-03-24/1f94705a4a9eefd081f3aa9f1f274e20.jpg https://www.hawalili.com/image_cache/resize/670x890/image/catalog/prod/images/2023-03-24/c5f22e626dd39aa863537281546b5090.jpg https://www.hawalili.com/image_cache/resize/670x890/image/catalog/prod/images/2023-03-24/9f1d8a3ea2e58fdfde1a7c84ca02fb1d.jpg,,,"LightBlue,White,Black,Purplish blue,Gray,Army Green,Apricot","M,L,XL,XXL,3XL"
,Cotton Plain Short Sleeve Casual Shirt,https://www.hawalili.com/products/casual-plain-summer-no-elasticity-wicking-loose-short-sleeve-regular-h-line-aloha-shirts-for-men-15060455?variant=3531088,https://www.hawalili.com/image_cache/resize/670x890/image/catalog/product/2023-02/07/a88ea74ffb1d4bcd38ccf38d8ae4f983.jpg https://www.hawalili.com/image_cache/resize/670x890/image/catalog/prod/images/2023-05-11/6dab41ae223555faad8da6723061df56.jpg https://www.hawalili.com/image_cache/resize/670x890/image/catalog/prod/images/2023-05-11/c61618c90a7d79c4aada062a3877da34.jpg https://www.hawalili.com/image_cache/resize/670x890/image/catalog/prod/images/2023-05-11/20631434614bdb8f97c551358870402b.jpg https://www.hawalili.com/image_cache/resize/670x890/image/catalog/prod/images/2023-05-11/498bfdbda1880ed4ef8c9f0a0a3ccc44.jpg https://www.hawalili.com/image_cache/resize/670x890/image/catalog/prod/images/2023-04-21/fdd9f1c9ad7984e4b1732b9ee4bf4459.jpg https://www.hawalili.com/image_cache/resize/670x890/image/catalog/prod/images/2023-04-21/3d16d19e9476cdeb6b81d74b67c68cd1.jpg https://www.hawalili.com/image_cache/resize/670x890/image/catalog/prod/images/2023-04-21/e68ddfd20499e7783899cb3a258d710f.jpg https://www.hawalili.com/image_cache/resize/670x890/image/catalog/prod/images/2023-04-21/a918d4e1694e2511fb16a810c332e9e9.jpg,,,Blue,"M,L,XL,XXL,3XL,4XL"
,Line Texture Chest Pocket Short Sleeve Casual Shirt,https://www.hawalili.com/products/men-casual-abstract-summer-lightweight-micro-elasticity-vacation-regular-h-line-shirt-collar-shirts-14485926?variant=3270163,https://www.hawalili.com/image_cache/resize/670x890/image/catalog/product/2022-11-02/O1CN01eW33cR1aQthxrYJEu_-4134413325-0-cib-1667371562806.jpg https://www.hawalili.com/image_cache/resize/670x890/image/catalog/product/2022-11-02/O1CN01b6mORr1aQti30fEUr_-4134413325-0-cib-1667371562305.jpg https://www.hawalili.com/image_cache/resize/670x890/image/catalog/product/2022-11-02/O1CN015nQALu1aQti0y0B4c_-4134413325-0-cib-1667371562557.jpg https://www.hawalili.com/image_cache/resize/670x890/image/catalog/product/2022-11-02/O1CN015saWOS1aQthxrcCPy_-4134413325-0-cib-1667371562847.jpg,,,Gray,"M,L,XL,XXL,3XL,4XL"
,Geometric Colorblock Chest Pocket Short Sleeve Shirt,https://www.hawalili.com/products/geometric-casual-summer-polyester-lightweight-daily-short-sleeve-regular-shirt-collar-shirts-for-men-14861494?variant=3463871,https://www.hawalili.com/image_cache/resize/670x890/image/catalog/product/2022-12-21/O1CN01aRGEEk1XlYk37W0gS_-2200729362964-0-cib-1671594160644.jpg https://www.hawalili.com/image_cache/resize/670x890/image/catalog/product/2022-12-21/O1CN01Nw7Jqd1XlYk76P8a7_-2200729362964-0-cib-1671594160974.jpg https://www.hawalili.com/image_cache/resize/670x890/image/catalog/product/2022-12-21/O1CN01fADN621XlYjtyFMhy_-2200729362964-0-cib-1671594160970.jpg https://www.hawalili.com/image_cache/resize/670x890/image/catalog/product/2022-12-21/O1CN01QYHcsy1XlYk6J8v8E_-2200729362964-0-cib-1671594160578.jpg,,,Blue,"M,L,XL,XXL,3XL,4XL"
,Hippie Chest Pocket Short Sleeve Hawaiian Shirt,https://www.hawalili.com/products/men-striped-casual-summer-polyester-daily-regular-fit-short-sleeve-regular-shirt-collar-shirts-14329643?variant=3172075,https://www.hawalili.com/image_cache/resize/670x890/image/catalog/product/2022-09-16/O1CN01mlCctl1aQthMLG3YN_-4134413325-0-cib-1663297796766.jpg https://www.hawalili.com/image_cache/resize/670x890/image/catalog/product/2022-09-16/O1CN01zmFc1b1aQthP3O5aM_-4134413325-0-cib-1663297796354.jpg https://www.hawalili.com/image_cache/resize/670x890/image/catalog/product/2022-09-16/O1CN01lU5yFZ1aQthRjcAWX_-4134413325-0-cib-1663297796686.jpg,,,Red,"M,L,XL,XXL,3XL,4XL"
,Coconut Tree Chest Pocket Short Sleeve Resort Shirt,https://www.hawalili.com/products/men-summer-tropical-vacation-polyester-natural-no-elasticity-short-sleeve-regular-regular-aloha-shirts-15060438?variant=3530980,https://www.hawalili.com/image_cache/resize/670x890/image/catalog/prod/images/2023-03-31/1acdebd185c68e135f68ffd84e5b3c3d.jpg https://www.hawalili.com/image_cache/resize/670x890/image/catalog/prod/images/2023-03-31/e7d78444392b5c9c737a76415daa152a.jpg https://www.hawalili.com/image_cache/resize/670x890/image/catalog/prod/images/2023-03-31/84b7dea6fe689d22f5273473f04b64d3.jpg https://www.hawalili.com/image_cache/resize/670x890/image/catalog/prod/images/2023-03-31/e524e4de8ce88dc7dfb8f19a68c1d770.jpg,,,Yellow,"M,L,XL,XXL,3XL,4XL"
,Coconut Tree Print Vacation Bermuda,https://www.hawalili.com/products/men-casual-all-season-coconut-tree-no-elasticity-holiday-loose-cotton-h-line-regular-pants-15059917?variant=3529896,https://www.hawalili.com/image_cache/resize/670x890/image/catalog/product/2023-02/09/b695fd3bc6a78cba22cea36e68f988b0.png https://www.hawalili.com/image_cache/resize/670x890/image/catalog/prod/images/2023-05-31/eb472430a10cd93392baa680987ec5b6.jpg https://www.hawalili.com/image_cache/resize/670x890/image/catalog/prod/images/2023-05-31/a2af335b0e6ef6831cb51b6609da8a94.jpg https://www.hawalili.com/image_cache/resize/670x890/image/catalog/prod/images/2023-05-31/41d4237469d4527d7a5f2c03e4fbae25.jpg https://www.hawalili.com/image_cache/resize/670x890/image/catalog/prod/images/2023-05-31/52a2be068d2e2e45850155405b32f2d7.jpg,,,Khaki,"M,L,XL,XXL,3XL"
,Cotton And Linen Holiday Leisure Short-sleeved Shirt,https://www.hawalili.com/products/cotton-and-linen-holiday-leisure-short-sleeved-shirt-13614664?variant=2841324,https://www.hawalili.com/image_cache/resize/670x890/image/catalog/product/2022-05-17/6ee0c3843f343b95f8b3cb7076897005.jpg https://www.hawalili.com/image_cache/resize/670x890/image/catalog/product/2022-05-17/e7fde9e2e8a8dbbd3d248587ca3322e4.jpg https://www.hawalili.com/image_cache/resize/670x890/image/catalog/product/2022-05-17/e7d32e51441b8c2f403464c6e7befb1e.jpg https://www.hawalili.com/image_cache/resize/670x890/image/catalog/product/2022-05-17/bb079770de3ecd4ff6229aef6225dc76.jpg,,,As Picture,"M,L,XL,XXL,3XL,4XL"
,Easter Cross Chest Pocket Short Sleeve Casual  Shirt,https://www.hawalili.com/products/men-striped-casual-summer-polyester-lightweight-micro-elasticity-loose-short-sleeve-h-line-shirts-14816432?variant=3448615,https://www.hawalili.com/image_cache/resize/670x890/image/catalog/product/2022-12-15/O1CN0129VUBY1aQtiZN3MQN_-4134413325-0-cib-1671095955589.jpg https://www.hawalili.com/image_cache/resize/670x890/image/catalog/product/2022-12-15/O1CN01Q3A0KC1aQtiiXq7td_-4134413325-0-cib-1671095955410.jpg https://www.hawalili.com/image_cache/resize/670x890/image/catalog/product/2022-12-15/O1CN01DUKZaa1aQtiljXjqV_-4134413325-0-cib-1671095955669.jpg https://www.hawalili.com/image_cache/resize/670x890/image/catalog/product/2022-12-15/O1CN01CSsrmz1aQtiiXs4Uu_-4134413325-0-cib-1671095955894.jpg,,,Red,"M,L,XL,XXL,3XL,4XL"
,Solid Color Multi-pocket Workwear Straight Waist Casual Shorts,https://www.hawalili.com/products/casual-plain-summer-zipper-natural-lightweight-no-elasticity-cargo-pants-shorts-shorts-for-men-15477614?variant=3785881,https://www.hawalili.com/image_cache/resize/670x890/image/catalog/product/2022-06-14/40db542db49c49a2c489b1764d2cd038.jpg https://www.hawalili.com/image_cache/resize/670x890/image/catalog/product/2022-06-14/fbe9d1c1412dac34923f2b193c5a8434.jpg https://www.hawalili.com/image_cache/resize/670x890/image/catalog/product/2022-06-14/af58dcbfd4a60896f9719514d26d6275.jpg,,,Apricot,"M,L,XL,XXL,3XL"
,Men's Coconut Tree Print Casual Fabric Fashion Hawaiian Lapel Short Sleeve Shirt,https://www.hawalili.com/products/men-s-coconut-tree-print-casual-fabric-fashion-hawaiian-lapel-short-sleeve-shirt-13651883?variant=2861831,https://www.hawalili.com/image_cache/resize/670x890/image/catalog/product/2022-05-31/def1cbcb705d1d5f871e03a028f6ee0c.jpg https://www.hawalili.com/image_cache/resize/670x890/image/catalog/product/2022-05-31/9826faf050cf06a84e8461e33da667e6.jpg https://www.hawalili.com/image_cache/resize/670x890/image/catalog/product/2022-05-31/6b8eeece5fa8ca35ec206fd0c7ee35e9.png https://www.hawalili.com/image_cache/resize/670x890/image/catalog/prod/images/f888586a50952ce25646904e88322ce7.jpg https://www.hawalili.com/image_cache/resize/670x890/image/catalog/prod/images/223e7a8196e025d78c1d352daa313592.jpg https://www.hawalili.com/image_cache/resize/670x890/image/catalog/prod/images/69533670b1be75e53a1baf4bb39ea992.jpg https://www.hawalili.com/image_cache/resize/670x890/image/catalog/prod/images/9f94f1e61bb994ab9db20d0a30eeeb68.jpg,,,Yellow,"M,L,XL,XXL,3XL"
,Gradient Color Coconut Tree Chest Pocket Short Sleeve Hawaiian Shirt,https://www.hawalili.com/products/men-summer-coconut-tree-vacation-polyester-lightweight-loose-regular-h-line-shirt-collar-shirts-14456692?variant=3248524,https://www.hawalili.com/image_cache/resize/670x890/image/catalog/product/2022-10-26/a3ae8a2e6ee3f96bae8ee45e15b37314.png https://www.hawalili.com/image_cache/resize/670x890/image/catalog/product/2022-10-26/80bc9dbbef847c6c0ab9be38bb512185.jpg https://www.hawalili.com/image_cache/resize/670x890/image/catalog/product/2022-10-26/d5b027fdc4d8b5cc4de90d4df68862a0.jpg,,,Green,"M,L,XL,XXL,3XL,4XL"
,Men's Pocket Colorblock Geometric Print Casual Breathable Hawaiian Short Sleeve Shirt,https://www.hawalili.com/products/striped-casual-summer-polyester-lightweight-vacation-regular-fit-short-sleeve-regular-shirts-for-men-14130265?variant=3068645,https://www.hawalili.com/image_cache/resize/670x890/image/catalog/product/2022-08-09/O1CN01X6X0Kn1aQtgfEQLMG_-4134413325-0-cib-1660048319689.jpg https://www.hawalili.com/image_cache/resize/670x890/image/catalog/product/2022-08-09/O1CN01TdJ4Xx1aQtgk5neXm_-4134413325-0-cib-1660048319184.jpg https://www.hawalili.com/image_cache/resize/670x890/image/catalog/product/2022-08-09/O1CN01is76m71aQtgvxgYcy_-4134413325-0-cib-1660048319344.jpg,,,Black,"M,L,XL,XXL,3XL,4XL"
,Men's Casual Short Sleeve Hawaiian Shirt with Chest Pocket Print,https://www.hawalili.com/products/casual-color-block-summer-lightweight-daily-short-sleeve-regular-h-line-shirt-collar-shirts-for-men-14286924?variant=3143270,https://www.hawalili.com/image_cache/resize/670x890/image/catalog/product/2022-09-03/O1CN015JsnGC1aQthDvyhYR_-4134413325-0-cib-1662193095983.jpg https://www.hawalili.com/image_cache/resize/670x890/image/catalog/product/2022-09-03/O1CN01y3OfrF1aQthDPJ3Jg_-4134413325-0-cib-1662193095342.jpg https://www.hawalili.com/image_cache/resize/670x890/image/catalog/product/2022-09-03/O1CN01xAP7U81aQthK4UkkT_-4134413325-0-cib-1662193095405.jpg,,,Blue,"M,L,XL,XXL,3XL,4XL"
,Cinco De Mayo Skull Chest Pocket Short Sleeve Shirt,https://www.hawalili.com/products/casual-summer-skull-polyester-lightweight-loose-short-sleeve-regular-shirt-collar-shirts-for-men-14962687?variant=3498101,https://www.hawalili.com/image_cache/resize/670x890/image/catalog/product/2023-01-11/O1CN01yzfGir1aQtj0mClVR_-4134413325-0-cib-1673428972150.jpg https://www.hawalili.com/image_cache/resize/670x890/image/catalog/product/2023-01-11/O1CN01jt6R9i1aQtj4mZKhY_-4134413325-0-cib-1673428972916.jpg https://www.hawalili.com/image_cache/resize/670x890/image/catalog/product/2023-01-11/O1CN01LBztNS1aQtj9H6f8k_-4134413325-0-cib-1673428972331.jpg https://www.hawalili.com/image_cache/resize/670x890/image/catalog/product/2023-01-11/O1CN01msKRIe1aQtj0rn75a_-4134413325-0-cib-1673428972522.jpg,,,Black,"M,L,XL,XXL,3XL,4XL"
,Men's Halloween Pumpkin Element Graphic Print Casual Vacation Beach Shorts,https://www.hawalili.com/products/men-s-halloween-pumpkin-element-graphic-print-casual-vacation-beach-shorts-13934929?variant=2979822,https://www.hawalili.com/image_cache/resize/670x890/image/catalog/product/2022-06-28/a2a0c90ea42c430e4a63951ed3b54653.jpg https://www.hawalili.com/image_cache/resize/670x890/image/catalog/product/2022-06-29/498ca589b45f26d1ed142c5851801b18.png https://www.hawalili.com/image_cache/resize/670x890/image/catalog/product/2022-06-29/d452554ee6e0af72f83a9e7bca9e2e53.png,,,Black,"L,XL,XXL"
,Mens Christmas Santa Print Front Buttons Soft Breathable Loose Lapel Chest Pocket Casual Hawaiian Shirt,https://www.hawalili.com/products/men-casual-summer-christmas-lightweight-daily-polyester-fibre-short-sleeve-h-line-shirt-collar-shirts-14286895?variant=3143139,https://www.hawalili.com/image_cache/resize/670x890/image/catalog/product/2022-09-05/74559876e1a2cf126839eadae997ca7e.jpeg https://www.hawalili.com/image_cache/resize/670x890/image/catalog/product/2022-09-05/46eaca26c2ce21e6c624df787002de74.png https://www.hawalili.com/image_cache/resize/670x890/image/catalog/product/2022-09-05/dab6536c01933b71af1ace9fe992613e.jpg,,,Blue,"M,L,XL,XXL,3XL,4XL"
,Men's Casual Short Sleeve Hawaiian Shirt with Chest Pocket,https://www.hawalili.com/products/men-s-casual-short-sleeve-hawaiian-shirt-with-chest-pocket-15733234?variant=3931971,https://www.hawalili.com/image_cache/resize/670x890/image/catalog/product/2022-08-16/330de20370268832dc50de3057fc34a7.jpg https://www.hawalili.com/image_cache/resize/670x890/image/catalog/product/2022-08-16/2e05c9dc5f89a2f69cc26c44c4d9a722.jpg https://www.hawalili.com/image_cache/resize/670x890/image/catalog/product/2022-08-16/5ec523fffd7a63d7e2bbdbe0dd5a6d64.png,,,Gray,"M,L,XL,XXL,3XL,4XL"
,Coconut Tree Chest Pocket Short Sleeve Resort Shirt,https://www.hawalili.com/products/men-summer-plants-vacation-buttons-short-sleeve-loose-regular-h-line-regular-aloha-shirts-15060457?variant=3531112,https://www.hawalili.com/image_cache/resize/670x890/image/catalog/product/2023-02/09/4bff9fb2f7c467db70d5eae72ab5da35.jpg https://www.hawalili.com/image_cache/resize/670x890/image/catalog/product/2023-02/10/2f8299fbbafa131da1ff7af729afc60d.jpg https://www.hawalili.com/image_cache/resize/670x890/image/catalog/product/2023-02/10/72743d0cac740e15417ebd429bb678f1.jpg,,,White,"M,L,XL,XXL,3XL,4XL"
,Surfing Chest Pocket Short Sleeve Hawaiian Shirt,https://www.hawalili.com/products/men-summer-vacation-sea-polyester-micro-elasticity-household-loose-short-sleeve-regular-shirts-14678828?variant=3373576,https://www.hawalili.com/image_cache/resize/670x890/image/catalog/product/2022-12-08/O1CN01srNPCH1XlYjmOTGCG_-2200729362964-0-cib-1670467779795.jpg https://www.hawalili.com/image_cache/resize/670x890/image/catalog/product/2022-12-08/O1CN01YJxzWZ1XlYjoWMMyl_-2200729362964-0-cib-1670467779117.jpg https://www.hawalili.com/image_cache/resize/670x890/image/catalog/product/2022-12-08/O1CN01YvGwaf1XlYjvXcwRm_-2200729362964-0-cib-1670467779124.jpg https://www.hawalili.com/image_cache/resize/670x890/image/catalog/product/2022-12-08/O1CN010IXtHl1XlYjnkTsnV_-2200729362964-0-cib-1670467779687.jpg,,,Blue,"M,L,XL,XXL,3XL,4XL"
,Men's Printed Shirt Collar Graffiti Shirt,https://www.hawalili.com/products/men-s-printed-shirt-collar-graffiti-shirts?variant=971451,https://www.hawalili.com/image_cache/resize/670x890/image/catalog/product/2020-12-30/3630d120b19b9f8b3094a35add783db5.jpg https://www.hawalili.com/image_cache/resize/670x890/image/catalog/product/2020-12-30/b55404140d9acbb3851015811450850d.jpg https://www.hawalili.com/image_cache/resize/670x890/image/catalog/product/2020-12-30/05ca763408e1ad6f39c1ec84401e6c0d.jpg https://www.hawalili.com/image_cache/resize/670x890/image/catalog/product/2020-12-30/64ed2c053a5db06bbf1499a0b996140c.jpg https://www.hawalili.com/image_cache/resize/670x890/image/catalog/product/2020-12-30/e7e46f1b9cc6b24b76a2a37e23d8c2c4.jpg,,,Green,"M,L,XL,XXL,3XL"
,Men's Casual Short Sleeve Hawaiian Shirt with Chest Pocket,https://www.hawalili.com/products/geometric-casual-summer-polyester-micro-elasticity-regular-fit-regular-h-line-shirt-collar-shirts-for-men-14235075?variant=3127152,https://www.hawalili.com/image_cache/resize/670x890/image/catalog/product/2022-08-24/O1CN01XP1S7D1XlYiSiWZ0p_-2200729362964-0-cib-1661322300487.jpg https://www.hawalili.com/image_cache/resize/670x890/image/catalog/product/2022-08-24/O1CN01JhzA4A1XlYiJQRYSa_-2200729362964-0-cib-1661322300318.jpg https://www.hawalili.com/image_cache/resize/670x890/image/catalog/product/2022-08-24/O1CN015D95KZ1XlYiOkOIg7_-2200729362964-0-cib-1661322300812.jpg,,,Black,"M,L,XL,XXL,3XL,4XL"
,Men's Geometric Casual Short Sleeve Hawaiian Shirt with Chest Pocket,https://www.hawalili.com/products/men-geometric-casual-summer-polyester-lightweight-buttons-short-sleeve-regular-h-line-shirts-14155354?variant=3086804,https://www.hawalili.com/image_cache/resize/670x890/image/catalog/product/2022-08-15/O1CN01K4B0aB1aQtgqwFvJm_-4134413325-0-cib-1660534164950.jpg https://www.hawalili.com/image_cache/resize/670x890/image/catalog/product/2022-08-15/O1CN01PzbUON1aQth2jtvaC_-4134413325-0-cib-1660534164972.jpg https://www.hawalili.com/image_cache/resize/670x890/image/catalog/product/2022-08-15/O1CN01sCkNqG1aQtgqwH40F_-4134413325-0-cib-1660534164234.jpg,,,Yellow,"M,L,XL,XXL,3XL,4XL"
,Coconut Tree Chest Pocket Short Sleeve Hawaiian Shirt,https://www.hawalili.com/products/casual-summer-coconut-tree-polyester-lightweight-micro-elasticity-short-sleeve-regular-h-line-aloha-shirts-for-men-15210843?variant=3612287,https://www.hawalili.com/image_cache/resize/670x890/image/catalog/product/2023-03-09/O1CN01t9BPH31aQtjhwvuzh_-4134413325-0-cib-1678333643625.jpg https://www.hawalili.com/image_cache/resize/670x890/image/catalog/product/2023-03-09/O1CN01mufjGv1aQtjk2aGAD_-4134413325-0-cib-1678333643920.jpg https://www.hawalili.com/image_cache/resize/670x890/image/catalog/product/2023-03-09/O1CN01SbjN371aQtjndfVIG_-4134413325-0-cib-1678333643459.jpg https://www.hawalili.com/image_cache/resize/670x890/image/catalog/product/2023-03-09/O1CN01oXaOJl1aQtjo38mBU_-4134413325-0-cib-1678333643676.jpg,,,Blue,"M,L,XL,XXL,3XL,4XL"
,Mens Halloween Print Casual Short Sleeve Shirt with Chest Pocket,https://www.hawalili.com/products/men-casual-summer-halloween-polyester-micro-elasticity-party-short-sleeve-regular-shirt-collar-shirts-14012726?variant=3006446,https://www.hawalili.com/image_cache/resize/670x890/image/catalog/product/2022-06-28/O1CN01ExAgxV1aQtgOqt879_-4134413325-0-cib-1656396434219.jpg https://www.hawalili.com/image_cache/resize/670x890/image/catalog/product/2022-06-28/O1CN01jy0UWP1aQtgQBIvzY_-4134413325-0-cib-1656396434745.jpg https://www.hawalili.com/image_cache/resize/670x890/image/catalog/product/2022-06-28/O1CN01TqbkHu1aQtgK76cEh_-4134413325-0-cib-1656396434612.jpg https://www.hawalili.com/image_cache/resize/670x890/image/catalog/prod/images/95fcdabce069c1301bf3177d9414ee34.jpg https://www.hawalili.com/image_cache/resize/670x890/image/catalog/prod/images/e4eb924c26a320b35db671eb7ed2f3dd.jpg https://www.hawalili.com/image_cache/resize/670x890/image/catalog/prod/images/0c3fac5fbcd7b4d07c61269e6af4fda8.jpg https://www.hawalili.com/image_cache/resize/670x890/image/catalog/prod/images/d5011cf1b105e0a540b88fda949bfe6e.jpg,,,Purple,"M,L,XL,XXL,3XL,4XL"
,Coconut Tree Chest Pocket Short Sleeve Hawaiian Shirt,https://www.hawalili.com/products/summer-coconut-tree-hawaii-micro-elasticity-daily-loose-short-sleeve-h-line-shirt-collar-aloha-shirts-for-men-15286422?variant=3672944,https://www.hawalili.com/image_cache/resize/670x890/image/catalog/product/2023-03-29/O1CN01ocabt01aQtkEwNOIE_-4134413325-0-cib-1680069463182.jpg https://www.hawalili.com/image_cache/resize/670x890/image/catalog/product/2023-03-29/O1CN01U1yvvk1aQtkG12O55_-4134413325-0-cib-1680069463968.jpg https://www.hawalili.com/image_cache/resize/670x890/image/catalog/product/2023-03-29/O1CN01rSGypr1aQtkHiHJw8_-4134413325-0-cib-1680069463857.jpg https://www.hawalili.com/image_cache/resize/670x890/image/catalog/product/2023-03-29/O1CN01SS0is61aQtkEwNBrl_-4134413325-0-cib-1680069463717.jpg,,,Black,"M,L,XL,XXL,3XL,4XL"
,Easter The Crucifix Chest Pocket Short Sleeve Bowling Shirt,https://www.hawalili.com/products/men-geometric-casual-summer-polyester-lightweight-micro-elasticity-vacation-loose-short-sleeve-bowling-shirts-15059894?variant=3529385,https://www.hawalili.com/image_cache/resize/670x890/image/catalog/product/2023-02-08/O1CN01JR5DB51aQtjKDfbg6_-4134413325-0-cib-1675844408177.jpg https://www.hawalili.com/image_cache/resize/670x890/image/catalog/product/2023-02-08/O1CN01zPaJkc1aQtjH8FArD_-4134413325-0-cib-1675844408107.jpg https://www.hawalili.com/image_cache/resize/670x890/image/catalog/product/2023-02-08/O1CN01GDZeZW1aQtjDOy3ma_-4134413325-0-cib-1675844408802.jpg https://www.hawalili.com/image_cache/resize/670x890/image/catalog/product/2023-02-08/O1CN01xjEgSp1aQtjHXOAjY_-4134413325-0-cib-1675844408225.jpg,,,Black,"M,L,XL,XXL,3XL,4XL"
,Geometric Button Short Sleeve Polo Shirt,https://www.hawalili.com/products/men-geometric-casual-summer-polyester-printing-lightweight-micro-elasticity-regular-fit-h-line-casual-polo-15144028?variant=3574668,https://www.hawalili.com/image_cache/resize/670x890/image/catalog/product/2023-03-04/O1CN01FO2EqC1XlYkwmvjBk_-2200729362964-0-cib-1677911409515.jpg https://www.hawalili.com/image_cache/resize/670x890/image/catalog/product/2023-03-04/O1CN0141o2f61XlYl1xpYul_-2200729362964-0-cib-1677911409145.jpg https://www.hawalili.com/image_cache/resize/670x890/image/catalog/product/2023-03-04/O1CN01nEM9Kd1XlYkyIv0BP_-2200729362964-0-cib-1677911409630.jpg,,,Black,"M,L,XL,XXL,3XL,4XL"
,Ombre Abstract Geometric Button Short Sleeve Golf Polo Shirt,https://www.hawalili.com/products/casual-abstract-graphic-summer-polyester-printing-micro-elasticity-regular-fit-short-sleeve-h-line-golf-polo-for-men-14959395?variant=3495563,https://www.hawalili.com/image_cache/resize/670x890/image/catalog/product/2023-01-05/O1CN01NBl9uB1XlYkDrVtFv_-2200729362964-0-cib-1672886155118.jpg https://www.hawalili.com/image_cache/resize/670x890/image/catalog/product/2023-01-05/O1CN01H3U4RL1XlYkBo6qC4_-2200729362964-0-cib-1672886155636.jpg https://www.hawalili.com/image_cache/resize/670x890/image/catalog/product/2023-01-05/O1CN01dDGKGq1XlYkKLFuTF_-2200729362964-0-cib-1672886155138.jpg https://www.hawalili.com/image_cache/resize/670x890/image/catalog/product/2023-01-05/O1CN01fFqPLZ1XlYkBo5dPX_-2200729362964-0-cib-1672886155393.jpg,,,Light Gray,"M,L,XL,XXL,3XL,4XL"
,Men's Geometric Print Casual Short Sleeve Hawaiian Shirt with Chest Pocket,https://www.hawalili.com/products/men-s-geometric-print-casual-short-sleeve-hawaiian-shirt-with-chest-pocket-13629521?variant=2853705,https://www.hawalili.com/image_cache/resize/670x890/image/catalog/product/2022-06-02/O1CN019QHFsT1aQtg4e0xvO_-4134413325-0-cib-1654167804646.jpg https://www.hawalili.com/image_cache/resize/670x890/image/catalog/product/2022-06-02/O1CN01z2TmtK1aQtg4dzM8s_-4134413325-0-cib-1654167804723.jpg https://www.hawalili.com/image_cache/resize/670x890/image/catalog/product/2022-06-02/O1CN01jyk2fz1aQtfuJk7NZ_-4134413325-0-cib-1654167804725.jpg,,,Green,"M,L,XL,XXL,3XL,4XL"
,Holiday Style Hawaiian Series Plant Leaves And Fruit Elements Lapel Short-Sleeved Shirt Print Top,https://www.hawalili.com/products/holiday-style-hawaiian-series-plant-leaves-and-fruit-elements-lapel-short-sleeved-shirt-print-top-13432583?variant=2648357,https://www.hawalili.com/image_cache/resize/670x890/image/catalog/product/2021-12-24/97b4a4f67bae4cf7ac9e2354d5cc83e5.jpg https://www.hawalili.com/image_cache/resize/670x890/image/catalog/product/2021-12-24/822e95b5f0db48486358f42270e078a0.jpg https://www.hawalili.com/image_cache/resize/670x890/image/catalog/product/2021-12-24/80f261d57d33109e0bdedd0a9dcbadfb.jpg https://www.hawalili.com/image_cache/resize/670x890/image/catalog/shooting-prod/images/22992d458677b5bec98ef50c24ac7199.jpg https://www.hawalili.com/image_cache/resize/670x890/image/catalog/shooting-prod/images/a17218c9f05636ab72394e225e59b923.jpg https://www.hawalili.com/image_cache/resize/670x890/image/catalog/shooting-prod/images/4475e38b5191a3083265b8f3cb83e97f.jpg https://www.hawalili.com/image_cache/resize/670x890/image/catalog/shooting-prod/images/73fc068577ea604263f9436592e394f6.jpg,,,Green,"M,L,XL,XXL,3XL,4XL"
,Hippie Mushroom Chest Pocket Short Sleeve Casual Shirt,https://www.hawalili.com/products/casual-abstract-summer-lightweight-micro-elasticity-daily-loose-short-sleeve-regular-aloha-shirts-for-men-15255344?variant=3653592,https://www.hawalili.com/image_cache/resize/670x890/image/catalog/product/2023-03-30/O1CN019VPo3Z1aQtkElaSAh_-4134413325-0-cib-1680154608666.jpg https://www.hawalili.com/image_cache/resize/670x890/image/catalog/product/2023-03-30/O1CN017IJCyJ1aQtk2wT5d9_-4134413325-0-cib-1680154608174.jpg https://www.hawalili.com/image_cache/resize/670x890/image/catalog/product/2023-03-30/O1CN01fQSrtb1aQtk8vq2cL_-4134413325-0-cib-1680154608420.jpg https://www.hawalili.com/image_cache/resize/670x890/image/catalog/product/2023-03-30/O1CN01Y8ta621aQtkBkhNSx_-4134413325-0-cib-1680154608848.jpg,,,Black,"M,L,XL,XXL,3XL,4XL"
,Mens Halloween Print Anti-Wrinkle Moisture Wicking Short Sleeve Shirt Hawaiian Lapel Top,https://www.hawalili.com/products/men-s-halloween-print-anti-wrinkle-moisture-wicking-fabric-fashion-hawaiian-lapel-short-sleeve-shirts-13934706?variant=2979263,https://www.hawalili.com/image_cache/resize/670x890/image/catalog/product/2022-06-28/1a1ffb9ccdd47f90295df08aaac31c3f.png https://www.hawalili.com/image_cache/resize/670x890/image/catalog/product/2022-06-28/0e8281df549a1fdc381029e053051bed.jpg https://www.hawalili.com/image_cache/resize/670x890/image/catalog/product/2022-06-28/60f10e60d1b960c7c05628f7294a3752.jpg https://www.hawalili.com/image_cache/resize/670x890/image/catalog/prod/images/2c73338ef799be0565bcbfcbbb5f6a85.jpg https://www.hawalili.com/image_cache/resize/670x890/image/catalog/prod/images/f377134289d34760ed2eed0a74afa6df.jpg https://www.hawalili.com/image_cache/resize/670x890/image/catalog/prod/images/2339f6e49af38d2e85e5426e8823650b.jpg https://www.hawalili.com/image_cache/resize/670x890/image/catalog/prod/images/15137efbc531fea95713ef3a86792161.jpg,,,Black,"M,L,XL,XXL,3XL,4XL"
,Hippie Santa Short Sleeve Aloha Shirt,https://www.hawalili.com/products/men-christmas-snowman-casual-summer-vacation-regular-fit-buttons-short-sleeve-regular-h-line-shirts-14530138?variant=3311421,https://www.hawalili.com/image_cache/resize/670x890/image/catalog/product/2022-11-09/36e4c5a823143439d061afc4f50f72a7.png https://www.hawalili.com/image_cache/resize/670x890/image/catalog/product/2022-11-09/40480702f94943f66664118d6ea66d9f.jpg https://www.hawalili.com/image_cache/resize/670x890/image/catalog/product/2022-11-09/4d658572ab0812cebe1a83621141f8a4.png,,,Multicolor,"M,L,XL,XXL,3XL,4XL"
,Striped Chest Pocket Short Sleeve Bowling Shirt,https://www.hawalili.com/products/striped-casual-summer-polyester-lightweight-micro-elasticity-loose-regular-shirt-collar-bowling-shirts-for-men-15228410?variant=3629006,https://www.hawalili.com/image_cache/resize/670x890/image/catalog/product/2023-03-16/O1CN0174xgPt1aQtjuj3CqB_-4134413325-0-cib-1678933944283.jpg https://www.hawalili.com/image_cache/resize/670x890/image/catalog/product/2023-03-16/O1CN01J4IQ8s1aQtjsefgcB_-4134413325-0-cib-1678933944983.jpg https://www.hawalili.com/image_cache/resize/670x890/image/catalog/product/2023-03-16/O1CN012y7ENj1aQtk2p0jTq_-4134413325-0-cib-1678933944714.jpg https://www.hawalili.com/image_cache/resize/670x890/image/catalog/product/2023-03-16/O1CN01Qr7R7I1aQtjwdXCRA_-4134413325-0-cib-1678933944200.jpg,,,Black,"M,L,XL,XXL,3XL,4XL"
,Plant Dog Chest Pocket Short Sleeve Hawaiian Shirt,https://www.hawalili.com/products/animal-summer-vacation-polyester-lightweight-loose-short-sleeve-regular-shirt-collar-shirts-for-men-14844623?variant=3451997,https://www.hawalili.com/image_cache/resize/670x890/image/catalog/product/2022-12-07/6afd2bc5cc274af36e79a8f13df2579b.jpg https://www.hawalili.com/image_cache/resize/670x890/image/catalog/prod/images/2023-02-13/daa2707e36045967ad802d024b83a618.jpg https://www.hawalili.com/image_cache/resize/670x890/image/catalog/product/2022-12-07/9727b471591bf4ccb6c390157ecf4fdd.jpg https://www.hawalili.com/image_cache/resize/670x890/image/catalog/product/2022-12-07/aa1db4fc09743fcb1ad745bcb6070464.png,,,Blue,"M,L,XL,XXL,3XL,4XL"
,Gradient Abstract Geometric Chest Pocket Short Sleeves Casual Shirt,https://www.hawalili.com/products/men-casual-abstract-graphic-summer-polyester-household-loose-short-sleeve-h-line-shirt-collar-shirts-14861922?variant=3464651,https://www.hawalili.com/image_cache/resize/670x890/image/catalog/product/2022-12-21/O1CN019lF8UX1aQtinoepNi_-4134413325-0-cib-1671601939305.jpg https://www.hawalili.com/image_cache/resize/670x890/image/catalog/product/2022-12-21/O1CN01iucPCP1aQtit319W4_-4134413325-0-cib-1671601939521.jpg https://www.hawalili.com/image_cache/resize/670x890/image/catalog/product/2022-12-21/O1CN01xdmqMQ1aQtiooK8Ou_-4134413325-0-cib-1671601939197.jpg https://www.hawalili.com/image_cache/resize/670x890/image/catalog/product/2022-12-21/O1CN01uwkRer1aQtirFKhjH_-4134413325-0-cib-1671601939230.jpg,,,Blue,"M,L,XL,XXL,3XL,4XL"
,Mens Sea Turtles Print Casual Breathable Short Sleeve Hawaiian Shirts,https://www.hawalili.com/products/mens-sea-turtles-print-casual-breathable-short-sleeve-hawaiian-shirts-12946105?variant=1525105,https://www.hawalili.com/image_cache/resize/670x890/image/catalog/product/2021-11-26/ca133c3d0e4a2f0e8d170a78b00d2f95.jpg https://www.hawalili.com/image_cache/resize/670x890/image/catalog/product/2021-11-26/86d7288451a53e696debf29124711b38.jpg https://www.hawalili.com/image_cache/resize/670x890/image/catalog/product/2021-11-26/fed3c73ec49da9c27a66bf9cee49bca9.png,,,Blue,"M,L,XL,XXL,3XL,4XL"
,Abstract Art Chest Pocket Short Sleeve Casual Shirt,https://www.hawalili.com/products/men-casual-abstract-summer-lightweight-micro-elasticity-commuting-regular-fit-regular-shirt-collar-shirts-14434783?variant=3227806,https://www.hawalili.com/image_cache/resize/670x890/image/catalog/product/2022-10-18/O1CN01pr5UM41aQtho4m7c9_-4134413325-0-cib-1666091755116.jpg https://www.hawalili.com/image_cache/resize/670x890/image/catalog/product/2022-10-18/O1CN01kHbdGp1aQthhTKde3_-4134413325-0-cib-1666091755166.jpg https://www.hawalili.com/image_cache/resize/670x890/image/catalog/product/2022-10-18/O1CN01zLF9WE1aQthfHGf0Y_-4134413325-0-cib-1666091755986.jpg,,,Green,"M,L,XL,XXL,3XL,4XL"
,Palm Tree Chest Pocket Short Sleeve Hawaiian Shirt,https://www.hawalili.com/products/men-summer-coconut-tree-vacation-lightweight-micro-elasticity-loose-buttons-regular-shirt-collar-aloha-shirts-15228564?variant=3629721,https://www.hawalili.com/image_cache/resize/670x890/image/catalog/product/2023-03-18/O1CN01WiC2191aQtjxEHaya_-4134413325-0-cib-1679107511234.jpg https://www.hawalili.com/image_cache/resize/670x890/image/catalog/product/2023-03-18/O1CN01WrzRNY1aQtjt1eTEh_-4134413325-0-cib-1679107511159.jpg https://www.hawalili.com/image_cache/resize/670x890/image/catalog/product/2023-03-18/O1CN01Un1eZv1aQtk1bzRi3_-4134413325-0-cib-1679107511695.jpg https://www.hawalili.com/image_cache/resize/670x890/image/catalog/product/2023-03-18/O1CN019QfVBn1aQtk4OWz3D_-4134413325-0-cib-1679107511472.jpg,,,Pink,"M,L,XL,XXL,3XL,4XL"
,Flamingo Chest Pocket Short Sleeve Hawaiian Shirt,https://www.hawalili.com/products/flamingo-summer-vacation-lightweight-commuting-loose-short-sleeve-regular-h-line-aloha-shirts-for-men-15107613?variant=3549445,https://www.hawalili.com/image_cache/resize/670x890/image/catalog/product/2023-02-15/O1CN01ggngVD1aQtjMHHF0l_-4134413325-0-cib-1676454278129.jpg https://www.hawalili.com/image_cache/resize/670x890/image/catalog/product/2023-02-15/O1CN0159ggHK1aQtjHpFWhK_-4134413325-0-cib-1676454278703.jpg https://www.hawalili.com/image_cache/resize/670x890/image/catalog/product/2023-02-15/O1CN01ND3skY1aQtjMfVmIv_-4134413325-0-cib-1676454278975.jpg https://www.hawalili.com/image_cache/resize/670x890/image/catalog/product/2023-02-15/O1CN018FUnit1aQtjKnJ2bh_-4134413325-0-cib-1676454278825.jpg,,,Purplish blue,"M,L,XL,XXL,3XL,4XL"
,Men's Ocean Print Casual Fabric Fashion Hawaiian Lapel Short Sleeve Shirt,https://www.hawalili.com/products/men-s-ocean-print-casual-fabric-fashion-hawaiian-lapel-short-sleeve-shirt-13614627?variant=2841151,https://www.hawalili.com/image_cache/resize/670x890/image/catalog/product/2022-05-18/O1CN01LMabSx1XlYhCDTy9V_-2200729362964-0-cib-1652865744395.jpg https://www.hawalili.com/image_cache/resize/670x890/image/catalog/product/2022-05-18/O1CN01LIuHRc1XlYhASn51d_-2200729362964-0-cib-1652865744522.jpg https://www.hawalili.com/image_cache/resize/670x890/image/catalog/product/2022-05-18/O1CN01XRoGMR1XlYh8bbyvw_-2200729362964-0-cib-1652865744748.jpg,,,Green,"M,L,XL,XXL,3XL,4XL"
,Gradient Black Gold Plant Leaves Chest Pocket Short Sleeve Hawaiian Shirt,https://www.hawalili.com/products/men-leaf-summer-hawaii-polyester-printing-loose-buttons-regular-h-line-shirts-14907785?variant=3482255,https://www.hawalili.com/image_cache/resize/670x890/image/catalog/product/2022-12-29/O1CN01BxY8XS1aQtitMfUka_-4134413325-0-cib-1672281305673.jpg https://www.hawalili.com/image_cache/resize/670x890/image/catalog/product/2022-12-29/O1CN01vQZTxv1aQtinu1fGz_-4134413325-0-cib-1672281305325.jpg https://www.hawalili.com/image_cache/resize/670x890/image/catalog/product/2022-12-29/O1CN01hIAsxP1aQtixnYqt7_-4134413325-0-cib-1672281305844.jpg https://www.hawalili.com/image_cache/resize/670x890/image/catalog/product/2022-12-29/O1CN01zx0SFr1aQtinAKWf9_-4134413325-0-cib-1672281305347.jpg,,,Black,"M,L,XL,XXL,3XL,4XL"
,Mens Easter Jesus Crucifix Print Casual Breathable Short Sleeve Hawaiian Shirt,https://www.hawalili.com/products/mens-easter-jesus-crucifix-print-casual-breathable-short-sleeve-hawaiian-shirts-13233772?variant=1111292,https://www.hawalili.com/image_cache/resize/670x890/image/catalog/product/2022-02-07/62057cf789b9b50beb9ead3b1fc60580.jpg https://www.hawalili.com/image_cache/resize/670x890/image/catalog/product/2022-02-07/08ca3b1b986dd8d2e8fa8e6bd717c924.jpg https://www.hawalili.com/image_cache/resize/670x890/image/catalog/product/2022-02-07/904dffb99e12fc8adad48ebe3a4926b2.jpg,,,Blue,"S,M,L,XL,XXL,3XL,4XL,5XL"
